Jacki,Enders,4482,Female,Panamanian
Allegra,Ucchino,9814,Female,Eskimo
Barbabas,Collingham,5933,Male,Panamanian
Ellary,Allot,3021,Male,American Indian
Wilburt,Musson,2886,Male,Cheyenne
Adorne,Auton,2382,Female,Panamanian
Claresta,Ives,7168,Female,Colombian
Moshe,Wreath,3904,Male,Indonesian
Hildy,Bladder,2127,Female,Comanche
Tull,Stanney,1985,Male,Guamanian
Cynthy,Simmig,4681,Female,Ottawa
Niels,Beadon,5211,Male,White
Maureen,McCarly,6148,Female,Japanese
Clevie,Webley,1082,Male,Fijian
Greg,Deegin,924,Male,Filipino
Calli,Arthars,4921,Female,Samoan
Quintin,Southan,4233,Male,Dominican (Dominican Republic)
Tatum,Lumbley,672,Female,Asian Indian
Chauncey,Rome,8799,Male,Fijian
Elmore,Dragonette,5169,Male,Chickasaw
Aile,Erridge,2338,Female,Yuman
Bibbye,Bromley,6912,Female,Kiowa
Nobie,Cordey,4204,Male,Puerto Rican
Antonino,Furmonger,8990,Male,Nicaraguan
Rosie,Moxley,8811,Female,Pakistani
Babs,Booy,9634,Female,Melanesian
Geoffry,Grinvalds,2501,Male,Samoan
Kellsie,Bonson,6564,Female,Puerto Rican
Alma,Gaize,6193,Female,Vietnamese
Skippy,Heighton,7911,Male,Pueblo
Truman,Doey,4703,Male,Shoshone
Codee,Rosgen,5972,Female,Laotian
Mavis,Heinreich,1723,Female,Pakistani
Emmi,Nobles,5655,Female,Guatemalan
Bradley,Chown,1440,Male,Sri Lankan
Dayna,Trewhela,1820,Female,Asian Indian
Granville,Gouch,1901,Male,Tongan
Natividad,Soame,4729,Female,Venezuelan
Templeton,Melarkey,9770,Male,Taiwanese
Cristabel,Flitcroft,3792,Female,Peruvian
Federica,Casol,9652,Female,Micronesian
Parke,Wenderoth,8354,Male,Choctaw
Abelard,Vail,9698,Male,Colombian
Bernie,Juden,7768,Male,Asian Indian
Vivyan,Wassell,7406,Female,Chippewa
Gran,Chateau,5131,Male,Pima
Niall,Queree,6023,Male,Micronesian
Cherlyn,Baldock,646,Female,Alaska Native
Sunny,Acedo,2020,Male,Central American
Farra,Oseman,9507,Female,South American
Camey,Emmines,2941,Male,Colombian
Ramsay,Lehrahan,9178,Male,Comanche
Freddie,Riccetti,1897,Male,Thai
Lynelle,Bullivant,6838,Female,Sioux
Lissi,Lazell,3727,Female,Chinese
Freida,Ivanishev,6174,Female,Indonesian
Avigdor,Pheasey,6918,Male,Honduran
Barnabe,Hug,3369,Male,Cambodian
Merrielle,Pundy,3582,Female,Puget Sound Salish
Josefa,Karpenya,7386,Female,Fijian
Dean,Bushell,8892,Male,Alaska Native
Katrina,Pohlak,1372,Female,Argentinian
Ariel,Asquith,1270,Female,Crow
Braden,Kulicke,6307,Male,Tlingit-Haida
Mattie,Pettican,2018,Female,Asian
Odey,Naisby,5082,Male,Nicaraguan
Cornie,Handaside,921,Male,Micronesian
Sarine,Padgham,6452,Female,Malaysian
Rex,Comoletti,7776,Male,Sri Lankan
Farlay,Petchell,5466,Male,White
Etheline,Jacobi,9156,Female,Honduran
Claudette,Wimlett,9312,Female,Hmong
Thurston,O'Dougherty,4091,Male,Chinese
Maia,Stockings,3132,Female,Asian
Simeon,Duddell,4322,Male,Kiowa
Les,Cicchinelli,2831,Male,Asian Indian
Orton,Burdikin,2582,Male,Costa Rican
Valerye,De Benedictis,8968,Female,Peruvian
Oona,Casburn,2682,Female,Cherokee
Pippo,Byham,8605,Male,Venezuelan
Rosalinda,Furzer,2255,Female,Tlingit-Haida
Bary,Annets,7741,Male,Melanesian
Perrine,Maskall,7500,Female,American Indian
Alric,Huortic,6952,Male,Kiowa
Melessa,Ritmeyer,2100,Female,Indonesian
Caressa,Kendrew,1169,Female,Yaqui
Gauthier,Sodeau,7993,Male,Puget Sound Salish
Dasi,Segrave,7472,Female,Guatemalan
Auberon,L'Hommeau,723,Male,Paiute
Gaultiero,Tilliards,7766,Male,Spaniard
Odelinda,Copin,8523,Female,Menominee
Jillene,Haps,2946,Female,Black or African American
Dewain,Veitch,3384,Male,Nicaraguan
Mead,Setch,4402,Male,Cree
Graham,Cleife,4840,Male,American Indian and Alaska Native (AIAN)
Christy,Schach,9348,Male,Sioux
Gay,Rowlstone,2475,Female,Honduran
Iormina,Forsey,3660,Female,White
Win,Inglefield,5115,Male,Polynesian
Kendal,Messier,6132,Male,Indonesian
Christal,Rollin,3294,Female,Micronesian
Esmaria,Terram,8254,Female,Lumbee
Freemon,Ambrosini,2020,Male,Latin American Indian
Devonna,Erat,7759,Female,Shoshone
Shir,Rosencrantz,8983,Female,Blackfeet
Gare,Bruyet,1182,Male,Crow
Orbadiah,Wills,714,Male,Osage
Hubey,Meers,4947,Male,Chilean
Danyette,Tinston,5541,Female,Cherokee
Delainey,Chooter,1024,Male,American Indian
Reilly,Simoneau,3531,Male,Bolivian
Catlin,Biles,5108,Female,Houma
Nannette,Angove,4773,Female,Salvadoran
Kassi,Folkerts,5792,Female,Uruguayan
Dolph,Wilcocke,4019,Male,Cambodian
Kylen,Loakes,8629,Female,Chamorro
Gilburt,Baldacchi,9767,Male,Korean
Corinne,Macci,2650,Female,Tohono O'Odham
Remus,Mc Carroll,6696,Male,Thai
Cassandra,Dymott,9872,Female,Japanese
Madlin,Southan,9141,Female,Venezuelan
Lorne,Duthy,8172,Female,Yakama
Mikaela,Zielinski,5309,Female,Sioux
Ellynn,Dast,3746,Female,Bolivian
Gillian,Nendick,7893,Female,Central American
Neddie,Backe,9735,Male,Salvadoran
Hadley,Melbury,8604,Male,Guamanian
Maynard,Eley,6111,Male,Pima
Jarad,Sylett,587,Male,Colombian
Nanette,Bendelow,2936,Female,Yaqui
Quintin,Brounfield,7248,Male,Indonesian
Myles,Sanja,8906,Male,Indonesian
Bab,Banham,3266,Female,Thai
Catina,Charrington,6438,Female,White
Virginie,Bigley,5759,Female,Asian Indian
Franz,Cornewall,9066,Male,Eskimo
Egor,Izon,1181,Male,Uruguayan
Jan,Dunaway,2855,Male,Delaware
Portia,Brogan,4799,Female,Puerto Rican
Carie,Karlicek,2943,Female,Thai
Garland,Measor,1788,Female,Uruguayan
Carroll,Adey,8555,Male,South American
Boothe,O'Dea,1033,Male,Nicaraguan
Spike,Burriss,6099,Male,Panamanian
Ashlan,Yoxall,4471,Female,Asian Indian
Yuma,Heamus,7966,Male,Spaniard
Far,Grief,9941,Male,Guatemalan
Claudette,Eccleshall,7999,Female,Chinese
Crystal,Easen,8554,Female,Menominee
Rhianon,Brotherhead,6951,Female,Spaniard
Ray,Simeoli,3451,Male,Fijian
Adriana,Dowty,2446,Female,Panamanian
Meagan,Rochell,6831,Female,Taiwanese
Debra,Revitt,2065,Female,Yuman
Lira,Gebb,2182,Female,Paiute
Blythe,Dobbison,3372,Female,Pakistani
Gene,Denziloe,2058,Female,Bolivian
Gallard,Jesson,5009,Male,Native Hawaiian and Other Pacific Islander (NHPI)
Ermina,McGann,7265,Female,Potawatomi
Kettie,Measey,3753,Female,Vietnamese
Arron,Culbert,6476,Male,Cuban
Gert,Westlake,1486,Female,Uruguayan
Murdock,Feasey,6371,Male,Seminole
Artemas,Woodyeare,3012,Male,Comanche
Garrard,Siburn,1426,Male,Costa Rican
Blithe,Jakel,8363,Female,Yaqui
Ruthanne,Robley,994,Female,Mexican
Maybelle,Oda,2104,Female,Choctaw
Emelen,Strode,9913,Male,Blackfeet
Christie,Stealy,7645,Female,Puerto Rican
Winnah,Verlinde,8952,Female,Native Hawaiian and Other Pacific Islander (NHPI)
Giuditta,Huggons,5655,Female,Salvadoran
Talbot,Rudgerd,4549,Male,Black or African American
Valentine,Lober,7382,Male,Sioux
Ann,Smart,7365,Female,Tohono O'Odham
Bronnie,Domerque,6643,Male,Tongan
Hettie,Cheale,1864,Female,Sri Lankan
Meghann,Camier,8020,Female,Honduran
Reuven,Trime,3652,Male,American Indian and Alaska Native (AIAN)
Nils,Canto,8057,Male,Menominee
Ann,Conner,835,Female,Yuman
Scarlet,Haldane,6540,Female,Lumbee
Tommie,Bouldstridge,7042,Female,American Indian and Alaska Native (AIAN)
Adora,Seiffert,7137,Female,Korean
Cathe,Albert,5446,Female,Paraguayan
Gertie,Courteney,8782,Female,Aleut
Maura,Carlens,9208,Female,Thai
Aili,Hungerford,1194,Female,Delaware
Harrison,Ronnay,8046,Male,Menominee
Rachelle,Rasp,5020,Female,Colville
Hedda,Suatt,5709,Female,Nicaraguan
Kara-lynn,Rosin,7277,Female,Aleut
Pietro,Patnelli,4110,Male,Eskimo
Nonie,Jansa,8310,Female,Indonesian
Cristian,Powrie,7631,Male,Asian Indian
Dur,Franzke,8718,Male,Tlingit-Haida
Saw,Lorriman,6854,Male,Guamanian
Rene,Ibanez,7394,Male,American Indian and Alaska Native (AIAN)
Tonya,D'Aubney,5508,Female,Bolivian
Lenette,Sheraton,5242,Female,Delaware
Marti,Westlake,6596,Female,Honduran
Salvador,Mc Pake,3726,Male,Comanche
Alessandro,Bessey,644,Male,American Indian and Alaska Native (AIAN)
Melli,Conochie,5834,Female,Choctaw
Bo,Heatlie,6286,Male,Pakistani
Georas,Dominique,6431,Male,Bolivian
Norina,Levesley,8112,Female,Cambodian
Karine,Vassbender,7618,Female,Native Hawaiian
Thorny,Praton,9262,Male,Kiowa
Selby,Vasilkov,2942,Male,Choctaw
Brandise,Pacheco,8422,Female,Taiwanese
Krystalle,Van de Velde,2708,Female,Costa Rican
Rozalie,Cohane,9168,Female,Alaskan Athabascan
Nikki,Guerrero,7566,Female,Black or African American
Wendeline,Sexon,5574,Female,Colombian
Estrellita,Prydie,1225,Female,Fijian
Ardys,Ahmad,4456,Female,Peruvian
D'arcy,Haseley,3472,Male,Indonesian
Neilla,Beardall,9063,Female,Alaskan Athabascan
Skip,Salmen,6273,Male,Laotian
Blondie,Fenning,9079,Female,Korean
Joshuah,Degenhardt,6827,Male,American Indian and Alaska Native (AIAN)
Huey,Allabush,4020,Male,Bolivian
Jonathon,Reide,6848,Male,Kiowa
Nicky,Antrobus,4299,Male,Panamanian
Elden,Conen,3185,Male,Bangladeshi
Tracie,Tadman,935,Female,Hmong
Therine,Newark,8758,Female,Aleut
Leighton,Pachmann,4735,Male,Spaniard
Selestina,Davenall,2234,Female,Yuman
Hayes,Haddock,6854,Male,White
Gerhardt,Stovold,1170,Male,Venezuelan
Rollin,Signe,9080,Male,Chickasaw
Bondon,Humblestone,4819,Male,Bolivian
Carly,Morman,9264,Female,Iroquois
Rainer,Phillot,5299,Male,Tlingit-Haida
Connor,Trencher,5451,Male,Native Hawaiian and Other Pacific Islander (NHPI)
Tiebout,Dalton,6136,Male,Chickasaw
Jamima,Leivers,5107,Female,Black or African American
Frasier,Perassi,7262,Male,Delaware
Richmond,Freeberne,8622,Male,Houma
Phillis,Antrobus,6050,Female,Hmong
Tedie,Ansley,5264,Male,Native Hawaiian
Charlot,Cumbes,8829,Female,Samoan
Angelle,Schlagtmans,9513,Female,Guamanian
Steffi,Egle,9808,Female,American Indian and Alaska Native (AIAN)
Nicko,Fay,9431,Male,Delaware
Elizabet,Maleney,2482,Female,Aleut
Corinne,Land,5294,Female,Chinese
Lothaire,Ascrofte,4436,Male,Sioux
Geneva,Levine,2965,Female,Argentinian
Jannel,Davana,6347,Female,Aleut
Andrea,Pealing,5252,Male,Pima
Francesca,Penny,6525,Female,Colville
Mickie,Wabe,4667,Male,Cheyenne
Cale,Bleier,8985,Male,Samoan
Nevile,Warke,8024,Male,Tohono O'Odham
Hillery,Evins,8359,Male,Sri Lankan
Cull,Dondon,3065,Male,Uruguayan
Merwyn,Errington,9513,Male,Eskimo
Massimiliano,Delgardillo,694,Male,Panamanian
Adam,Ginglell,2428,Male,Spaniard
Lind,Sans,4495,Male,Menominee
Adelheid,Mickelwright,7949,Female,Vietnamese
Casper,Croyser,2335,Male,Chamorro
Vyky,Coalburn,5942,Female,Puerto Rican
Morris,Macy,3385,Male,Alaskan Athabascan
Mil,Christophle,9695,Female,Japanese
Livvie,Gierke,7870,Female,Osage
Joe,Smittoune,6838,Male,Lumbee
Asher,Greenman,3117,Male,Chilean
Neille,Bridel,6681,Female,Latin American Indian
Avivah,Bittleson,5192,Female,Pueblo
Jae,Brigg,7868,Male,Guatemalan
Samuele,Knappen,5327,Male,White
Pietrek,Buttriss,1696,Male,Kiowa
Cello,Suttill,6891,Male,Yuman
Evangelin,Bushel,8646,Female,Native Hawaiian and Other Pacific Islander (NHPI)
Marsh,Ulyat,3416,Male,Sioux
Daveta,McElvogue,6503,Female,Spaniard
Darrin,Biggadyke,9818,Male,Chickasaw
Jaimie,Drivers,7905,Male,Blackfeet
Kristien,Tomasino,2467,Female,Korean
Issiah,Vandenhoff,3706,Male,Dominican (Dominican Republic)
Lindsay,Bowkett,613,Female,Colombian
Andree,Callaghan,5745,Female,Shoshone
Alisander,Kybbye,8204,Male,Apache
Porter,Ruckman,5422,Male,Creek
Dag,De Wolfe,5054,Male,Blackfeet
Rees,Matous,5251,Male,Lumbee
Rhona,Chatenier,7179,Female,Eskimo
Gerty,Godwyn,9090,Female,Native Hawaiian
Robina,Flanagan,8002,Female,Peruvian
Almeria,Raiment,7801,Female,Ecuadorian
Ede,Hardcastle,5779,Female,Fijian
Decca,Yurov,4708,Male,American Indian
Karim,Doyley,2139,Male,Colville
Brier,Dods,9012,Female,South American
Zelma,Southern,1754,Female,Filipino
Gianni,Shird,3788,Male,Guatemalan
Fonz,Sinkings,3754,Male,Creek
Perkin,Causton,8954,Male,Spaniard
Margarette,O'Heffernan,4965,Female,Tlingit-Haida
Dulcy,Hanshaw,8636,Female,Pakistani
Bart,Lagden,2552,Male,Houma
Nikos,Proctor,9131,Male,Yakama
Alexandr,Halwell,2592,Male,Venezuelan
Raye,Rebanks,3908,Female,Tlingit-Haida
Correy,Dumphreys,4605,Male,Nicaraguan
Robinett,Mertin,3462,Female,White
Sully,Alvaro,6360,Male,Micronesian
Camella,Paumier,6408,Female,Thai
Kerry,Yakolev,2611,Male,Apache
Dene,Bickerton,8492,Male,Polynesian
Catina,Mahmood,1786,Female,Menominee
Manolo,Niave,5995,Male,Choctaw
Venita,Bendelow,1437,Female,Navajo
Clyde,Sindle,1134,Male,Paiute
Shay,Trahearn,2903,Male,Pakistani
Leroi,Chatell,8082,Male,Melanesian
Agosto,Dymock,9654,Male,Argentinian
Orelle,Sighard,3383,Female,South American
Carmine,Cumbes,1110,Male,Ecuadorian
Aundrea,Geratasch,3909,Female,Sri Lankan
Reinhold,Sellars,4140,Male,Central American
Alexio,Eudall,8683,Male,Chickasaw
Ulla,Pound,8061,Female,Spaniard
Oates,Stops,4098,Male,Tongan
Hugues,Serrels,8220,Male,Crow
Maible,Mushrow,7282,Female,Houma
Trumann,Kingsworth,5902,Male,Uruguayan
Ainslie,Keyhoe,6813,Female,Honduran
Kristen,Arunowicz,6008,Female,Fijian
Rolando,Carleman,9348,Male,Yuman
Carolynn,Swadling,5993,Female,Yaqui
Harriot,de Almeida,2435,Female,Paraguayan
Tomi,Flipsen,3778,Female,Uruguayan
Bax,Giovannacci,4430,Male,Blackfeet
Trip,Ferrillio,8631,Male,Ecuadorian
Amalea,Duncan,4032,Female,Kiowa
Therine,Passion,1013,Female,Black or African American
Bancroft,Garaghan,8652,Male,Uruguayan
Mark,Twitty,848,Male,Native Hawaiian and Other Pacific Islander (NHPI)
Ginni,Maylam,1240,Female,Melanesian
Bram,Michiel,9921,Male,Honduran
Horatio,Harms,6023,Male,Venezuelan
Liz,Mander,4298,Female,Panamanian
Remus,Reignould,7427,Male,Pueblo
Jean,Bosche,7205,Male,Eskimo
Joice,McGarrity,5339,Female,Japanese
Ivette,Dibson,7185,Female,Creek
Elvina,Rosser,5893,Female,Malaysian
Ronni,Clell,1810,Female,Pueblo
Rosalyn,Treanor,3462,Female,Chamorro
Burch,Bracegirdle,4536,Male,Chippewa
Nikolaus,Keuneke,1636,Male,Pueblo
Celinka,Humphrey,8240,Female,Taiwanese
Crosby,Auckland,8954,Male,Houma
Thoma,Champkins,9349,Male,Sioux
Giovanna,Beane,9628,Female,Samoan
Iolanthe,Rush,7995,Female,Paraguayan
Shauna,McManus,2673,Female,Dominican (Dominican Republic)
Tades,Skures,5759,Male,Uruguayan
Frank,Albany,4526,Female,Spaniard
Suellen,Conrath,1386,Female,Colombian
Ellyn,Showell,3410,Female,Chamorro
Shandie,Robuchon,3439,Female,Hmong
Darrick,Pullinger,9047,Male,Native Hawaiian
Wilmer,Tague,6282,Male,Chilean
Feodor,Cheeseman,9481,Male,Mexican
Ely,Shinefield,6393,Male,Japanese
Carlin,Urwin,9200,Female,Ecuadorian
Carmela,Conneely,4852,Female,American Indian
Markus,Rablan,9982,Male,Puerto Rican
Gustavus,Brendish,9787,Male,American Indian
Nicholle,Lownes,5025,Female,Indonesian
Ruggiero,Foffano,6872,Male,Aleut
Winni,Kingsford,3049,Female,Honduran
Frank,Cominotti,1896,Male,Sioux
Rudiger,Gillooly,4980,Male,Lumbee
Ottilie,Malcolm,8541,Female,Indonesian
Simone,Oherlihy,1068,Female,Native Hawaiian
Amaleta,Oxenham,7590,Female,Apache
Ted,Stuther,7265,Male,Guamanian
Jacob,Baker,9117,Male,Cherokee
Dilan,Mc Elory,9256,Male,Lumbee
Vivia,Selliman,8711,Female,Chickasaw
Nessie,Habben,2928,Female,Thai
Roi,Stribling,3538,Male,Honduran
Lewiss,Gover,1122,Male,Panamanian
Jackelyn,Kermitt,5599,Female,Salvadoran
Karlens,Attwooll,8936,Male,Nicaraguan
Arley,O' Faherty,4281,Male,American Indian
Lucas,Fitchett,2994,Male,Fijian
Harper,McLafferty,6581,Male,Yaqui
Boothe,Ship,5880,Male,Eskimo
Clement,Rayment,4656,Male,Argentinian
Ashbey,Blanket,6270,Male,Native Hawaiian and Other Pacific Islander (NHPI)
Darius,Aleveque,8663,Male,Navajo
Trudey,Flanders,6565,Female,Yuman
Tiebout,Cubbit,6695,Male,Cheyenne
Elle,Ferry,5775,Female,Pima
Mickey,Farnin,9601,Male,Vietnamese
Giles,Tourle,2739,Male,Creek
Rebekkah,Roumier,1161,Female,Pueblo
Tanya,Bateup,1593,Female,Iroquois
Celine,O'Harney,1282,Female,Costa Rican
Raye,Stive,7728,Female,Argentinian
Lora,Mennear,4715,Female,Delaware
Orelia,Jandl,1185,Female,Aleut
Shanon,Stormouth,7682,Female,Puget Sound Salish
Blithe,Paxeford,8312,Female,American Indian and Alaska Native (AIAN)
Twyla,Feye,5898,Female,Uruguayan
Deloria,Sproat,7818,Female,Argentinian
Crista,Woodall,9102,Female,Cheyenne
Guilbert,Bedingfield,9403,Male,Cambodian
Harmonia,Herety,9966,Female,Native Hawaiian
Becka,Munning,527,Female,American Indian and Alaska Native (AIAN)
Freddie,Tourner,8865,Male,Sri Lankan
Cristionna,Batter,1242,Female,Peruvian
Ariadne,Aicken,9435,Female,Lumbee
Carine,Swalteridge,4018,Female,Asian Indian
Adina,Damsell,7291,Female,Creek
Skyler,Martinon,523,Male,Salvadoran
Marcos,Holsey,1422,Male,Ottawa
Ruthann,Smullin,3759,Female,Asian Indian
Dion,Fitt,4001,Female,South American
Shelba,Weddeburn,3544,Female,Dominican (Dominican Republic)
Maia,Kalf,8732,Female,Vietnamese
Marin,Rubberts,7019,Female,Alaska Native
Dun,Clatworthy,5633,Male,Panamanian
Mollee,Brislen,6458,Female,Latin American Indian
Kathye,Zealy,7016,Female,Hmong
Laureen,Piddle,2880,Female,Tongan
Jewelle,Tolland,2381,Female,Alaska Native
Darn,Warrick,2165,Male,Menominee
Randie,Wilderspoon,2018,Male,Native Hawaiian and Other Pacific Islander (NHPI)
Anissa,Holgan,1173,Female,Ute
Armand,Pelling,7193,Male,Japanese
Pace,Thomke,5124,Male,Cree
Lori,Chantler,7343,Female,Ute
Sonnie,Berrington,5279,Male,South American
Lona,Arangy,9624,Female,American Indian
Abbe,Brandenberg,8805,Female,Delaware
Pattin,Borrington,4295,Male,Ute
Arnaldo,Bradick,4324,Male,Paraguayan
Ricard,Bohl,9438,Male,Sri Lankan
Ryann,Possek,9584,Female,South American
Hazel,Roblou,6199,Male,Paraguayan
Denny,Kimbly,2382,Male,Chilean
Storm,Krzyzowski,1865,Female,Samoan
Clerc,Battany,7661,Male,Pueblo
Angelina,Hedges,654,Female,Nicaraguan
Appolonia,Balke,3622,Female,Cree
Kaine,Pendered,706,Male,Argentinian
Barrie,Havesides,6992,Male,Tlingit-Haida
Woodrow,Bithell,5741,Male,Menominee
Jo-anne,Vernau,9327,Female,Colville
Quintin,Kennon,580,Male,Cherokee
Susi,Surguine,2738,Female,Osage
Lavinia,Domegan,6056,Female,Alaska Native
Sandor,Bartlomiejczyk,3347,Male,Choctaw
Norton,Swalough,6989,Male,Apache
Jehu,Parsall,7680,Male,Black or African American
Joelynn,Gianninotti,8415,Female,Ecuadorian
Leontine,Hulett,2014,Female,Spaniard
Angeline,Jiras,8737,Female,Pueblo
Maurizio,Coleson,5953,Male,Pakistani
Edgardo,Touret,3436,Male,Ecuadorian
Twila,Aire,2177,Female,Salvadoran
Andriana,Normanvill,8536,Female,South American
Elisha,Streeton,2680,Male,Yuman
Kiley,enzley,3303,Male,Micronesian
Kial,Aronovitz,8756,Female,Cambodian
Vivianna,Josephsen,2167,Female,Puget Sound Salish
Vin,Condell,5416,Female,Eskimo
Katharine,Dowall,3695,Female,Mexican
Bev,Buckham,8504,Female,Alaska Native
Felicity,Purviss,9902,Female,Sri Lankan
Christie,Skoof,7404,Female,Mexican
Paolina,Philot,1595,Female,Kiowa
Clevey,Titterington,1906,Male,Houma
Jamesy,Blatcher,7747,Male,Sri Lankan
Heda,Griniov,6366,Female,Delaware
Nichols,Nowick,7196,Male,Choctaw
Christie,Catteroll,8606,Female,Latin American Indian
Derrek,Casoni,2063,Male,Cuban
Toinette,Kaiser,3892,Female,Indonesian
Lynnelle,Garmston,5194,Female,Shoshone
Jenilee,Woolnough,1583,Female,Seminole
Renie,O'Rafferty,7423,Female,Asian
Rowland,Kordas,7799,Male,Central American
Martie,Van Hault,9196,Female,Pima
Derrick,MacAlpine,5870,Male,Chinese
Hayyim,O'Rudden,7123,Male,Shoshone
Perla,Jacklings,3000,Female,Tlingit-Haida
Jeramie,Rootham,6514,Male,Pueblo
Silvio,Dransfield,7744,Male,Vietnamese
Jon,Bech,957,Male,Fijian
Otha,Landells,2545,Female,Iroquois
Mollee,Larimer,3868,Female,Micronesian
Charline,Hendrix,3519,Female,Bolivian
Davie,Dabnor,820,Male,Hmong
Penelopa,Berard,8718,Female,Black or African American
Christoper,Tattersill,7295,Male,Tongan
Gib,Jachimiak,9852,Male,Samoan
Tonye,Paty,1615,Female,Cheyenne
Meagan,Collelton,1670,Female,Korean
Felic,Kinker,521,Male,Filipino
Cy,Carl,8835,Male,Seminole
Ty,Dannell,4984,Male,Asian
Marten,Noen,8714,Male,Navajo
Gardiner,Rossbrook,2321,Male,Thai
Rayner,Russ,9303,Male,Apache
Luisa,Deakins,9639,Female,Native Hawaiian and Other Pacific Islander (NHPI)
Leigha,Wick,5093,Female,Cree
Alisa,Esseby,1477,Female,Malaysian
Rafaelita,Crichmere,4161,Female,American Indian
Iorgos,Gleasane,4449,Male,Mexican
Bary,Orrocks,2343,Male,Potawatomi
Christiana,Lossman,5872,Female,Vietnamese
Demetrius,Berkeley,6362,Male,Mexican
Willyt,Riediger,808,Female,Paraguayan
Alexei,Zappel,1337,Male,Cheyenne
Daniel,Espie,2583,Male,Costa Rican
Fred,Lardeux,7943,Male,Costa Rican
Daffy,Dyhouse,4188,Female,Central American
Edlin,Murfill,9227,Male,Ute
Lottie,Chaffyn,7278,Female,Central American
Diego,Brassill,9014,Male,Aleut
Harlin,Shaxby,6424,Male,Eskimo
Rachele,Painswick,2726,Female,Houma
Kore,Tunney,6870,Female,Menominee
Dick,Epple,5787,Male,Shoshone
Erika,Burkin,6376,Female,Honduran
Gerhard,Buffery,2660,Male,Tongan
Zilvia,MacGoun,2084,Female,Argentinian
Vivianna,Fairfoull,5201,Female,Delaware
Jasen,Forrestill,4045,Male,Pima
Avigdor,Farens,8120,Male,Asian Indian
Orazio,Wickerson,5344,Male,Cree
Carmelita,Lowton,1596,Female,Costa Rican
Juanita,Mote,6739,Female,Chilean
Heidie,Verey,7206,Female,Asian
Robbie,Keighley,8793,Male,Native Hawaiian
Jinny,Devey,9167,Female,Spaniard
Adelina,Sawney,7117,Female,Bangladeshi
Daisy,Keeting,4588,Female,Dominican (Dominican Republic)
Darcee,Sibbet,7969,Female,Puerto Rican
Alexandro,Pretorius,8591,Male,Aleut
Wayne,Striker,8136,Male,Alaskan Athabascan
Gunter,Burgiss,6529,Male,Chamorro
Verine,Otridge,8811,Female,Ute
Alastair,Red,7351,Male,Ecuadorian
Barney,Copson,9436,Male,Lumbee
Sauveur,Haxell,5375,Male,Native Hawaiian and Other Pacific Islander (NHPI)
Marcelline,Laherty,5098,Female,Aleut
Giacobo,Pennuzzi,6787,Male,Cambodian
Randie,Kausche,7623,Female,Taiwanese
Katerina,Fransoni,1673,Female,Cree
Chevy,Holtum,1562,Male,Crow
Ryun,Ambrosini,6829,Male,Tlingit-Haida
Alicea,Reeder,4507,Female,South American
Lil,Tiffney,7477,Female,Cherokee
Lu,Carnaman,2444,Female,Central American
Kain,Ackenhead,2009,Male,Ute
Godard,MacAughtrie,1924,Male,American Indian
Demetra,Wrangle,7266,Female,South American
Jesselyn,Cain,1917,Female,Paraguayan
Tawsha,Escudier,1824,Female,Crow
Matt,Semmence,1352,Male,Delaware
Leroy,Cromb,3034,Male,Choctaw
Priscella,Frowd,7937,Female,Indonesian
Katerina,Faulks,561,Female,Nicaraguan
Hyman,Henworth,9096,Male,Salvadoran
Martha,Hazael,2967,Female,Blackfeet
Philippine,Austick,7043,Female,Colville
Dinny,Worley,8153,Female,Taiwanese
Chrissie,Darrington,5936,Male,Samoan
Cariotta,Bignal,9288,Female,Cherokee
Pauletta,Ambrosetti,4167,Female,Alaskan Athabascan
Clive,McGeagh,9621,Male,Melanesian
Linet,Nevinson,761,Female,Ottawa
Desmund,Whitsun,9027,Male,American Indian and Alaska Native (AIAN)
Mitchell,Mapletoft,7786,Male,Latin American Indian
Sinclair,Boles,5057,Male,Panamanian
Bail,Fowles,3618,Male,Laotian
Ronnie,Shailer,4843,Female,Yakama
Ethan,Klimp,4479,Male,Latin American Indian
Mel,Ipwell,5349,Female,Peruvian
Zechariah,La Torre,5583,Male,Malaysian
Amos,Toulamain,9596,Male,Latin American Indian
Adina,Attwoul,1442,Female,South American
Lancelot,Helsby,1998,Male,Puget Sound Salish
Chickie,Sissons,7953,Female,Venezuelan
Fabio,Fidgeon,5521,Male,Taiwanese
Casar,Giovannacc@i,1609,Male,Sioux
Kinnie,Coldham,5766,Male,Guatemalan
Bridie,Slinger,2993,Female,Melanesian
Desirae,Hewins,7935,Female,Nicaraguan
Jim,Greville,4445,Male,Korean
Stephi,Meron,7600,Female,White
Perren,Flavelle,1925,Male,Salvadoran
Cyndy,McSparran,3840,Female,Eskimo
Selinda,Herreros,1584,Female,Central American
Harland,Mullany,8656,Male,Cree
Perceval,Besantie,1389,Male,Tongan
Talia,Renak,1271,Female,Samoan
Kristen,O'Gormley,6887,Female,Choctaw
Meredeth,Igo,5826,Male,Peruvian
Christine,Rozet,3995,Female,Vietnamese
Edsel,Duplock,2911,Male,Malaysian
Averil,Kinman,2013,Male,Thai
Husein,Dallan,6204,Male,Pima
Konstantin,Le - Count,9299,Male,Hmong
Suellen,Merton,8369,Female,Cambodian
Brigitte,Lyptratt,545,Female,Chippewa
Stanislaus,Cicutto,8107,Male,Chinese
Walker,Guidi,1550,Male,Vietnamese
Delores,Draycott,4636,Female,Lumbee
Sterling,Sturgis,4888,Male,Latin American Indian
Zebulen,Wasselin,6460,Male,Fijian
Philis,Pryer,6301,Female,Japanese
Kacy,Goldney,4113,Female,Chilean
Finn,Hall-Gough,6054,Male,Paraguayan
Gerardo,Martinolli,9086,Male,Houma
Allard,Bleasdille,2640,Male,Puget Sound Salish
Royall,Rosencwaig,1541,Male,Honduran
Isabelle,Kendrick,7012,Female,Shoshone
Alford,Tollady,4633,Male,Cheyenne
Henrik,Sweed,8334,Male,Honduran
Paige,Finessy,2748,Female,Sri Lankan
Eada,Merrell,4587,Female,Navajo
Brittney,Abbitt,5606,Female,Laotian
Rozelle,Elsegood,7851,Female,Pima
Cesya,Bithell,809,Female,Colombian
Fredrika,Gosalvez,1544,Female,Osage
Darwin,Notman,548,Male,Lumbee
Zackariah,Turfrey,6780,Male,Pima
Cairistiona,Pillinger,9754,Female,Puerto Rican
Rip,Ruddin,9897,Male,Bolivian
Josefina,De Cristoforo,916,Female,Paraguayan
Leanor,Hardin,9221,Female,Asian Indian
Kory,Paxforde,8358,Male,Puerto Rican
Stinky,Inkle,9035,Male,Alaska Native
Garvin,Blackey,3720,Male,Salvadoran
Alon,Malam,636,Male,American Indian and Alaska Native (AIAN)
Mayer,Tumioto,1350,Male,Ottawa
Gale,Kinavan,6877,Male,Polynesian
Marco,Pardey,5834,Male,Ute
Loren,Orgill,1767,Male,Cuban
Alejoa,Cornelissen,4602,Male,Asian
Byram,Stoyle,5584,Male,Cambodian
Lila,Dominick,2396,Female,Chilean
Sansone,Fawloe,9216,Male,Thai
Luisa,Shawell,793,Female,Paiute
Marybelle,Trye,4528,Female,Laotian
Kayne,Maile,4422,Male,Indonesian
Domenico,Catherick,7528,Male,Potawatomi
Clo,Winspire,6088,Female,Kiowa
Wandis,Rosbrough,1254,Female,American Indian
Edith,Cromer,4252,Female,Blackfeet
Gunar,Ferenczy,3969,Male,Melanesian
Maximilien,Daunay,7081,Male,Guatemalan
Lindy,Milleton,6562,Male,Kiowa
Lynea,Hibbart,8064,Female,Tlingit-Haida
Corby,Dresse,8903,Male,Melanesian
Mellisa,Slowly,6999,Female,American Indian
Norrie,Tothe,2849,Male,Filipino
Whitney,Capponer,4044,Female,Black or African American
Lindsy,Tunn,8541,Female,Black or African American
Charo,Waeland,9657,Female,Ottawa
D'arcy,Lauderdale,8757,Male,Alaska Native
Edithe,Lawther,1503,Female,Chippewa
Herb,Herrero,7974,Male,Apache
Vivi,Craxford,6006,Female,Pueblo
Patrizio,Shenley,1956,Male,Asian Indian
Dena,Toll,4868,Female,Iroquois
Gunilla,Petry,6368,Female,Tohono O'Odham
Adan,Christall,6345,Female,Crow
Yolanda,Lyvon,3108,Female,Asian Indian
Sharity,O' Ronan,5411,Female,Puget Sound Salish
Keene,Wardesworth,9043,Male,Pakistani
Tracey,Nias,2803,Male,Peruvian
Allyn,Bartolommeo,642,Female,Cambodian
Erick,Gianetti,9603,Male,Hmong
Edita,Scrivinor,1600,Female,Filipino
Dionne,Hillen,2836,Female,Nicaraguan
Nerta,Inger,1378,Female,Lumbee
Jenine,Barney,1374,Female,Yaqui
Querida,Burgoin,6193,Female,Argentinian
Teodor,Hamstead,9181,Male,Laotian
Lonnard,Salamon,6074,Male,Apache
Lena,Sandham,9421,Female,Yaqui
Darcie,Killby,3561,Female,American Indian and Alaska Native (AIAN)
Darryl,Saturley,3240,Male,Guatemalan
Burnaby,Scrivens,1033,Male,Apache
Dorette,Renad,2831,Female,Bolivian
Christopher,MacNeish,9530,Male,Menominee
Abran,Christofle,2227,Male,Native Hawaiian
Deborah,Leyborne,7985,Female,Cheyenne
Cletis,Rance,5534,Male,Iroquois
Francyne,Tolomei,5089,Female,Alaskan Athabascan
Janifer,Ferrers,4105,Female,Blackfeet
Letisha,Maudett,6906,Female,Tongan
Ossie,Martinek,7190,Male,Choctaw
Godwin,Yoxall,8352,Male,Micronesian
Mellisa,Pattle,1255,Female,Spaniard
Sarette,Chesshire,4266,Female,Delaware
Nico,Bridle,8711,Male,Korean
Giuditta,Gibard,8612,Female,Samoan
Christine,Janu,6728,Female,Malaysian
Sherman,Sherebrook,5764,Male,Potawatomi
Delia,Neles,6018,Female,Ute
Alejoa,Lorait,6350,Male,Paraguayan
Callean,Ashbee,9639,Male,Pueblo
Mandy,Sessions,6221,Female,Yaqui
Marcille,Putland,2873,Female,Cherokee
Crosby,Venny,6098,Male,Bangladeshi
Agata,Goodacre,5167,Female,Argentinian
Cedric,Pfertner,5750,Male,Ecuadorian
Omero,Perrinchief,8433,Male,Yakama
Mirelle,Margerison,9543,Female,Shoshone
Frank,Balderson,2822,Male,Cheyenne
Cchaddie,Brunstan,1834,Male,Colombian
Othilia,Sterman,9506,Female,Cambodian
Rory,Luberto,8169,Male,American Indian
Jens,Milliken,7286,Male,Apache
Afton,Dikes,7201,Female,Korean
Ilaire,Sneesby,9551,Male,Vietnamese
Forbes,Couve,1245,Male,Blackfeet
Ajay,Teggin,5200,Female,Micronesian
Ashly,Sokill,9813,Female,Costa Rican
Phillip,Bilovus,2543,Male,Hmong
Terrel,Schurig,8228,Male,Salvadoran
Agnesse,Blackaller,1028,Female,Thai
Leonidas,Croome,4051,Male,Paiute
Ebony,Milward,2764,Female,Hmong
Gussie,Balden,8403,Female,Ecuadorian
Nicolina,Quinton,640,Female,Panamanian
Andee,Bothram,1943,Female,Aleut
Caesar,Gooddie,8079,Male,Aleut
Krystle,Eidelman,1552,Female,Blackfeet
Blair,Rockhill,3501,Female,Thai
Rainer,Doumic,4269,Male,Native Hawaiian
Ronda,Noller,8448,Female,Hmong
Brett,Ghilardini,7487,Male,Thai
Beaufort,Grzelewski,7299,Male,Chinese
Filbert,Buxey,3236,Male,American Indian and Alaska Native (AIAN)
Ferrell,Vasilik,2508,Male,Indonesian
Roana,de Tocqueville,1255,Female,Cambodian
Phillis,Shrieve,4995,Female,Bolivian
Latia,Bloan,3627,Female,Paraguayan
Irwinn,Copcote,9048,Male,Cambodian
Bowie,D'Abbot-Doyle,778,Male,Aleut
Reidar,Varren,9388,Male,Hmong
Sigismond,Strodder,1180,Male,Spaniard
Betsey,Lies,904,Female,Micronesian
Pooh,Wittleton,3504,Male,Japanese
Giffer,Dalziell,9301,Male,Micronesian
Janeta,Lindman,9550,Female,Guatemalan
Perrine,Dellar,8347,Female,Central American
Sindee,Dumbelton,4774,Female,Pima
Betsy,MacCrann,8349,Female,Paraguayan
Krystle,Ledes,8058,Female,Iroquois
Consalve,Pickavance,3069,Male,Asian Indian
Demetris,Maass,6624,Female,Colville
Allan,Ianson,9880,Male,Chippewa
Tamqrah,Quartly,5709,Female,Paraguayan
Hermine,Rohmer,9316,Female,Malaysian
Crosby,Sirmond,8999,Male,Puerto Rican
Helli,Midson,6401,Female,Uruguayan
Ana,Goseling,3336,Female,American Indian and Alaska Native (AIAN)
Ravid,Dewan,2939,Male,Tohono O'Odham
Gwennie,McFeate,2442,Female,Latin American Indian
Giana,Skarman,6039,Female,Cree
Langston,Sharply,6325,Male,Micronesian
Rollo,Sales,9346,Male,Argentinian
Kaylyn,Osbidston,3956,Female,Mexican
Agata,Kerwen,5546,Female,Asian Indian
Joell,McKenna,8869,Female,Menominee
Sibyl,Bottoner,1894,Female,Colville
Candice,Hambidge,9360,Female,Asian
Bobinette,Barca,1143,Female,Vietnamese
Calli,Gorges,540,Female,Alaskan Athabascan
Florian,Gofford,4338,Male,Alaska Native
Suzette,Gynni,1806,Female,Crow
Devin,Hudless,4238,Male,Cuban
Farleigh,Batchelar,7946,Male,Yuman
Garrick,O' Markey,5438,Male,Colville
Ermina,Cham,7759,Female,Osage
Danell,Alekseicik,3784,Female,Menominee
Raimund,Delacote,1361,Male,Delaware
Uriel,Biers,2887,Male,Chinese
Jerrilyn,Chamberlaine,4757,Female,Apache
Braden,Robbie,4516,Male,Vietnamese
Euphemia,Sheepy,8241,Female,Shoshone
Erin,Hovy,9427,Male,Osage
Nelia,Abelson,6034,Female,Houma
Brice,Steven,4360,Male,Native Hawaiian and Other Pacific Islander (NHPI)
Gerald,Stiegers,6934,Male,Argentinian
Katalin,Worssam,917,Female,Latin American Indian
Sim,Devitt,3468,Male,Venezuelan
Adelind,Almon,4695,Female,Chickasaw
Paige,Cromblehome,5504,Male,Native Hawaiian
Dewain,Danilin,1906,Male,Chinese
Carlos,Dodge,3312,Male,Indonesian
Kiel,Lefridge,3070,Male,Shoshone
Walsh,Vost,1710,Male,Indonesian
Egon,Odney,4864,Male,Uruguayan
Torey,Patman,1849,Male,Laotian
Ninnetta,Farrer,5274,Female,Pakistani
Jennilee,Shanley,5756,Female,Uruguayan
Merola,Coumbe,3400,Female,Crow
Larina,Willox,6441,Female,Iroquois
Stephan,Bettesworth,4499,Male,Filipino
Nerta,Benyan,1513,Female,Eskimo
Drucy,Bizzey,8638,Female,Mexican
Coriss,Pitney,9686,Female,Samoan
Norby,Korfmann,1995,Male,Pueblo
Reginald,Hukin,2656,Male,Asian
Clemens,Spurrett,5031,Male,Venezuelan
Adda,Yve,4201,Female,Melanesian
Nathanael,Aaronsohn,1445,Male,South American
Nelia,Brandt,6807,Female,Japanese
Rochester,Keningley,7440,Male,White
Alexis,Felten,5963,Male,Filipino
Thedrick,Scutcheon,9626,Male,Micronesian
Julee,Older,4647,Female,Bangladeshi
Irena,Buy,4957,Female,Native Hawaiian
Kora,Absolem,1049,Female,Tlingit-Haida
Nata,Hargie,3379,Female,Eskimo
Alden,Warrender,9523,Male,Malaysian
Yehudit,Sutherley,1698,Male,Honduran
Anita,Gaenor,7005,Female,American Indian and Alaska Native (AIAN)
Mathew,Janaszkiewicz,2811,Male,Navajo
Claude,Bevington,5882,Female,Venezuelan
Rowland,Meddemmen,2485,Male,Pueblo
Con,Sugarman,5270,Male,Eskimo
Corrianne,Pillman,1146,Female,Hmong
Elvyn,Korb,6379,Male,Shoshone
Evangelina,Seymark,7534,Female,Yaqui
Xaviera,Hannum,3744,Female,Central American
Ivett,Camoys,6284,Female,Micronesian
Alissa,Costley,3029,Female,Argentinian
Franny,Cayser,8780,Female,Paraguayan
Cecilio,Kadd,5618,Male,Spaniard
Antin,Truswell,3370,Male,Delaware
Joe,Letch,964,Male,Guatemalan
Anthea,Roskruge,1252,Female,White
Terry,Cardenas,9632,Female,Peruvian
Pandora,Grote,4572,Female,Filipino
Waite,Barhem,7900,Male,Spaniard
Claire,Garrick,7703,Male,Native Hawaiian
Archibald,Tripon,4202,Male,Ute
Bethena,Lacey,7873,Female,Pakistani
Patience,Schreiner,2840,Female,Black or African American
Claudian,D'Costa,8878,Male,Tongan
Pammy,Glacken,6404,Female,Melanesian
Raye,Imort,3500,Female,Taiwanese
Davida,MacEllen,5576,Female,Creek
Silvano,Caghan,957,Male,Chamorro
Tierney,Brend,7400,Female,Tohono O'Odham
Sabine,Mapes,3285,Female,Yakama
Lila,Otterwell,7473,Female,Panamanian
Bee,Rowcastle,9345,Female,Korean
Ciel,Smewin,3123,Female,Crow
Emmalynn,Ebbings,7504,Female,Comanche
Melisande,Roughey,3918,Female,Taiwanese
Gunner,Coote,3638,Male,Hmong
Hamish,Slides,6924,Male,Yakama
Pepe,Larder,8548,Male,Dominican (Dominican Republic)
Emelda,Laker,622,Female,Chickasaw
Delinda,Airlie,6653,Female,Navajo
Rikki,Aylett,2953,Female,Yaqui
Sterne,Withrington,2022,Male,Korean
Melisande,O'Lochan,7555,Female,Shoshone
Valerye,Emerson,3641,Female,Pima
Dane,Dudliston,4607,Male,Cambodian
Mattie,Sulman,7514,Female,Chamorro
Joelie,Kitchaside,8568,Female,Lumbee
Jessamine,McCready,552,Female,Polynesian
Silvanus,MacCollom,4236,Male,Shoshone
Algernon,Lamburne,8175,Male,Central American
Rowland,Farloe,6630,Male,Panamanian
Nanette,Barosch,711,Female,Micronesian
Nahum,Refford,9097,Male,Colville
Bridie,Albutt,9678,Female,Central American
Ange,Brindley,3266,Male,Bangladeshi
Friederike,Jentin,3699,Female,Argentinian
Keslie,Iacovino,3820,Female,Eskimo
Tanner,Abrahamian,7232,Male,Bangladeshi
Finn,Townsend,8452,Male,Latin American Indian
Iormina,Prudham,7004,Female,Bolivian
Carena,Pattle,5710,Female,Thai
Catharine,Scourgie,9050,Female,Native Hawaiian and Other Pacific Islander (NHPI)
Jamal,Barnfather,8967,Male,Cheyenne
Athene,Keyden,9012,Female,Peruvian
Trish,MacRinn,3200,Female,Thai
Pattin,Murrum,8828,Male,Guatemalan
Nicko,Donaho,532,Male,Puget Sound Salish
Harland,Pavinese,5867,Male,Spaniard
Hedi,Poulsen,6108,Female,Guatemalan
Beret,Brandes,2935,Female,Crow
Rockey,Reedyhough,5059,Male,Chippewa
Paolo,Johannesson,7812,Male,Guamanian
Rab,Caillou,7633,Male,Micronesian
Louisa,Eykelhof,8339,Female,Polynesian
Denys,Walliker,8781,Male,Tongan
Royall,Moscrop,5137,Male,Lumbee
Case,Ondrousek,6972,Male,Native Hawaiian
Terese,Miebes,5578,Female,Argentinian
Storm,Minett,1710,Female,Navajo
Neddy,Willgrass,5847,Male,Lumbee
Culley,Bonick,8959,Male,Tohono O'Odham
Ruthann,Slimming,9006,Female,Taiwanese
Gale,Layus,6384,Male,Ute
Mylo,Chalkly,8255,Male,Guatemalan
Sansone,McNeillie,9839,Male,Colville
Yevette,Batrop,7024,Female,Puget Sound Salish
Kale,Helks,8672,Male,Blackfeet
Agata,Coners,3718,Female,Melanesian
Faber,Wolver,1339,Male,Aleut
Desirae,Gartland,4468,Female,Vietnamese
Mellisa,Yokel,1195,Female,Cree
Jamison,Reace,8009,Male,Filipino
Kane,Laetham,5966,Male,Seminole
Fitzgerald,Meindl,1717,Male,Chippewa
Farrand,Turmell,7405,Female,Mexican
Carlee,O'Donnell,3722,Female,Navajo
Renata,Sinfield,8568,Female,Native Hawaiian
Gavra,Gynne,6661,Female,Iroquois
Clerkclaude,Duffie,6870,Male,Tohono O'Odham
Ernestus,Kopf,7323,Male,Nicaraguan
Blayne,Addey,7805,Male,Shoshone
Cloris,Edmand,7187,Female,Fijian
Elinore,Knibbs,2846,Female,Spaniard
Joana,Blease,2096,Female,Cheyenne
Marcy,Harper,707,Female,Tlingit-Haida
Guglielma,Kubas,6932,Female,Chamorro
Inessa,Bolsteridge,8058,Female,Pakistani
Emalee,Tyrwhitt,6115,Female,Guatemalan
Bidget,Surridge,1501,Female,Colville
Haley,Perrington,4371,Male,Kiowa
Edie,Freear,8760,Female,Chickasaw
Rooney,Midson,6693,Male,Seminole
Cooper,Neil,9386,Male,American Indian and Alaska Native (AIAN)
Lewes,Peal,7928,Male,Bangladeshi
Terencio,Cadamy,5894,Male,Navajo
Toinette,Camlin,820,Female,Cambodian
Eddie,Houseman,5960,Male,Laotian
Solomon,Ranyelld,1796,Male,Yaqui
Kean,Sara,6321,Male,Chickasaw
Albertina,Tuffin,4243,Female,Crow
Earle,Pankhurst.,970,Male,Colombian
Cherie,Leyman,9218,Female,Taiwanese
Bradford,Titterton,8107,Male,Pakistani
Deanna,Siggery,8903,Female,Bangladeshi
Hamilton,Gammill,6425,Male,Pima
Sharyl,Pyecroft,5979,Female,Central American
Radcliffe,Andover,3058,Male,Yakama
Chance,Whapple,871,Male,American Indian
Kordula,McGeagh,3989,Female,Potawatomi
Hyacinthie,Leggs,4788,Female,Melanesian
Rhys,Croote,9597,Male,Paiute
Aldric,Grace,3246,Male,Cherokee
Freddie,Cotte,9402,Female,Blackfeet
Jephthah,Brinkler,2861,Male,Pakistani
Brandi,Rapaport,5357,Female,Central American
Ajay,Joannidi,9725,Female,Puget Sound Salish
Marsiella,Semechik,7170,Female,Panamanian
Beitris,Haste,2098,Female,Crow
Katinka,Lensch,2391,Female,Filipino
Glyn,Wooffitt,3146,Male,Honduran
Salomi,Burtwell,3889,Female,Laotian
Edin,Maddy,8676,Female,Colville
Vanessa,Sans,8481,Female,Cherokee
Dorree,Harrington,2447,Female,Native Hawaiian
Othella,Jerred,1930,Female,Peruvian
Helenelizabeth,Shilburne,3204,Female,Cheyenne
Hashim,Cavell,7127,Male,Creek
Damien,Othen,9663,Male,Tlingit-Haida
Waneta,Summergill,2882,Female,Houma
Sutherland,Brewood,3839,Male,Yaqui
Towny,Matura,6980,Male,Polynesian
Marice,Boleyn,9438,Female,Crow
Tammi,Buddleigh,3494,Female,Puerto Rican
Melly,Yanyushkin,3355,Female,Colombian
Aldrich,Dix,3540,Male,Potawatomi
Rupert,Scandroot,8201,Male,Comanche
Joli,Benedyktowicz,6024,Female,Guatemalan
Stan,Florentine,8122,Male,Bolivian
Ariella,Barnish,7716,Female,Cuban
Bald,Eyes,1232,Male,Uruguayan
Alexis,Lakey,743,Male,Filipino
Mitzi,Cheek,9628,Female,Dominican (Dominican Republic)
Denny,Brumfitt,2621,Female,Bangladeshi
Sharla,Bonass,5055,Female,Asian
Lief,Bissex,5028,Male,Paraguayan
Glenine,Haydock,3650,Female,Colombian
